path	bytes	sha256
.dockerignore	87	30a0a8c771af19782999c9c424e2c75fc6eb96c088d1f95b5651a01c6466447d
.env.example	58	66cfe695ef8c307bc27585e050f7e5a99686affee87cbc7d09467d00dde975c2
.github/pull_request_template.md	260	591ee62cceea72f434fd765039eb4f45b9644ef7503157f6bd560b34aa3d5841
.github/workflows/ci.yml	537	5577f75e326df8cdd13953863617363d6d4b7a6e2606231edc36dda3d3e2870f
.gitignore	170	5cd40260f1dcac6fcfff669aa1e4026e05bc8b5356e5b6efcc52f6cd339d2c7d
.python-version	5	7b55f8e67b5623c4bef3fa691288da9437d79d3aba156de48d481db32ac7d16d
Dockerfile	501	d39edd0a1b3f11232eb2ca03a158e7b0daacc38f240d28b596da852088d087fa
Dockerfile.airflow	517	ebc57cb8fb95ecf4f6223410a6ccd04e08d925c0f31a59812c640fb9141ca111
README.md	16375	6cfc2cc22865926e50c110fbb4eaff6155b2bcff79f7be992e877eb5b192348b
compose.yaml	1953	6673021d3502a89ee267737c1b63abf631a5573f43765bfa438a08c2f7a3d760
configs/data.sha256	65	3dde0aa8bd14eaa203aa3190ca354342eaf64cdffd2bd48edeaf75121fba1e11
configs/params.yaml	469	075d4ba0be79962eacbb9cfb256f26371916547adc69e5caacff068c15d3fda9
dags/churn_monitoring.py	1596	945eb600850b9705b743de45760f0050999c9f0aab6cd9be223aee2874cd6c84
deploy/azure/Dockerfile	470	397768461b2ac9dd5106be16760c7d94afc30be817b6c53ce295879ffc71732b
deploy/azure/entrypoint.py	2880	c6b3d702454df936797544e6ea01724e4cefca8cc505f19333b9aca4249b54b6
deploy/azure/index.html	602	0b43f1383fcd632e50fc02a76eee36878029f58253c047dd54dea526598e8118
deploy/azure/nginx.conf	1198	4f3412dad63355f69cf04d9cddf68d7cbf0e433ad2ea249f1cba1312f19187e1
deploy/cloud.md	1345	42dd9c072070c9e0f6054ee8d7fdedee186804181f8b6d4ce907e23346aa3e22
docs/azure-demo.md	7670	55551047e2a2d0fba5f6a142bd3f9b72e6849e722e0b732b057e28a88679a601
docs/demo-video.md	4204	1ab38fab1bcc0a0f4ef2c18edd5d59a90cbc77cf1eaa5f47e302ace7fda2be1f
docs/images/week17-core-demo.png	70855	1af9ea06e1775612f25e7412630d761d8454716111f2d54c2d16593a24babeac
docs/implementation-notes.md	1854	ec1067d32addadb299447a757e57b41e69d1db1d5d16ada8a66ba4f82689be33
docs/week17-submission-report.md	16994	e09f5f350a8f0f9387c0ae302500f46316751cb373ddceb7ed79c891a3970fc6
pyproject.toml	723	243c3f735042e101b87e6151949bf177306b14b1ecc1f470dea72d3518cbf57b
reports/airflow_run.txt	11580	e9e553ae4a692e5d190e5e8967d7978047b2ce81496704a027e3c1d2a236a621
reports/api_demo.json	792	c52dc9b8e886f02ead9b2fe513459c12a72d8056f571d091ffb4f4a56a3efac3
reports/challenge_result.json	482	8a6a72c0316b51bc2ce7be6f37ebae59d5575175e36a9ba015e74a25be589501
reports/cloud_demo/azure_deployment.json	978	cbb7a0b5d941e389b644e68cedc3ef0caa5c3c23625e10909e101a0aa85afff2
reports/cloud_demo/azure_https_smoke.json	1187	25434da0e9f17868a5a7d084209f0d66d03695f7dc1b8edaf388b363be81b0d7
reports/cloud_demo/local_gateway_validation.json	684	417017a9aded42d687c3de712b0f143bd7b3a4c0811dc32609f1bc447bcf88c1
reports/container_validation/challenge_result.json	481	46182c331d8dee1e35b998a4ba02c703d57f7b7aea7778626cb6370bccda96ec
reports/container_validation/drift_verdict.json	763	99815f88838c0aa52c66a542d4da654eaed5d5e349dc2c40e6194d14432caafd
reports/container_validation/model_comparison.md	565	2f80b39ccd026f4f844e3d07c2be495c1b70194c31de40d9d68c58fb2da05661
reports/container_validation/pipeline.txt	11714	718e5d28f40293322b21f66830e5668cbabe9f56a09952b7cfa2567d3d6966c7
reports/container_validation/registry.json	411	f4663f751642a7a6fb5955527bfbc6a5a5e9a7b5975e6decd5a81ff1c75fb490
reports/container_validation/status.json	175	81f353a58223a982bd71ad7038c1ba4205387aa3d53e608a4a3ca02aea920ac7
reports/container_validation/training_runs.json	1599	c26f18e579829fffebbde1b0301f606afc12b554d9f31d1daca3a3bab68f3b2d
reports/control_custom_drift.html	3655230	ecdce4b3cf3d60abc462f3aca3a45222fb779e72d045b0de46f8f1fdee196d10
reports/control_custom_drift.json	913	a9a3222f9ba9c1c3ea62804aa287cd37818279cdbde2420169431692f2053e61
reports/control_data_drift.html	4168142	37a4419407b6a4aa8946f7c656784818b00471f909d731b278d9623cdf2b566b
reports/control_data_drift.json	20067	59ebd4375e3b3b269ceacf4f38a4fbd5d399aaf5b69bd8815096c85269dfd15f
reports/control_target_drift.html	3664761	9bbc7c59b65f2b62552fb9e4e4a6337d7eef33988f453d894dabea2654393f36
reports/control_target_drift.json	941	105e1ae39e92b0ea671d30ba928b7a0746d512dbcb7d18e4c5e3db60ac439af5
reports/deliverables.md	860	a3f2a910d1c7b74bc2ebad1c11a33757ff5826220a7b6c844ec96ac5c38094ab
reports/deployment_smoke.json	836	aa88ece5e64be7805f707649e6650b12001ad6a4fd1dbd29110ba16f110a338b
reports/drift_verdict.json	763	cc480feeb88cea25af53c5fc622953794de6d3df0d6f96afe8fe8a04902336d3
reports/drifted_custom_drift.html	3655230	0f21cdd7da802b7113c140e48df5566d3cdb0222230ba5b97e67cd34088a9cbf
reports/drifted_custom_drift.json	909	471ad22ea05e8c3bc207a9dcdad44795436642eb1d4491b5bba378cb68fab327
reports/drifted_data_drift.html	4167825	c5f340ec7535fc1b67e109f52ce3a5d0a80f3b809c75b08af0b73bc16efc39eb
reports/drifted_data_drift.json	20046	08e0a5447df3d425516bcf8264d30e24131506ff89b68cc78a8a4857f5f6da83
reports/drifted_target_drift.html	3664769	7a4871ccc1d849d092596689d83e4d256c00668191f0a23acb8061ade89407f7
reports/drifted_target_drift.json	939	7aa89fdba12f4240dac5ff92d267696b6e28a09162c408c39e78e16b49b96223
reports/engineering_validation.md	791	b2d71ffd486055d0c5911f0715af47dec46df7b6021d759cf6e78b0f10a97c5b
reports/initial_challenge_result.json	481	23d1857172e37265b93d3c44560408f99204a353a8779637a45c7e0622da668c
reports/lr_c01_confusion_matrix.png	16461	810d68531dbc89e7aefcdf3770f3794b6ba32aa1245c0ae57eb9d46b69729e9e
reports/lr_c01_roc_curve.png	24315	1c5ea37cebfb0768900bc0daca03adc6edb64383ac719a7af21b7c5cd11c55b0
reports/lr_c1_confusion_matrix.png	16884	dadb46ae35e0618b915770d35b52d38c315017506c437fd70fcca5181a182378
reports/lr_c1_roc_curve.png	24357	fba10d7fbb9500f5f9e3eb5cbddd95c1cd383e9f35dfec541208602c0bd08eb0
reports/model_comparison.md	565	e944bc55fdb821282c50406320d7768a35866bc262041347c01b0bb5ec58d823
reports/registry.json	409	ff761cff001f3b443fcd3da810603ba8ebf7dad0819bdb2a3ec4d7d0cbef7ff1
reports/rf_d16_n300_confusion_matrix.png	16319	dafdec355316670be0b27f3b7de2647a592720a41c669388f7ccad2db7336cad
reports/rf_d16_n300_roc_curve.png	24780	89ed435db94d748921c74d6b9be36a0dcd32fe7362fa0253ab5a44c53246a3dc
reports/rf_d8_n300_confusion_matrix.png	17044	586dab5ab2017af3d6f2c34d85209a38672a458cd1fc219182e19fbb0402cce9
reports/rf_d8_n300_roc_curve.png	24295	5c17a4a9ac1afbf8281f115a62150b0c03179053fa48a1ade62ee58bdcdedec1
reports/rf_dNone_n500_confusion_matrix.png	16134	e12e9fde3ee70574ee25ba991be23c890d2aff21e1e4b34073794ef97a7f5172
reports/rf_dNone_n500_roc_curve.png	25015	a70b2fd035b9c925c4aada8a60131445869c0cbe5c3c1b94f2820dc87ed04253
reports/training_runs.json	1599	67e8b6ee3919c64b8d2e2e116ba6ba4a68e13801df9525e15c39582fcd307815
scripts/check_deliverables.py	4330	66543b3a11c694ba40726d2757d45e5c2a012e8f3f9d52d6a3e01d57033e97b9
scripts/download_data.py	57	2a07b3102bc3a9cad032d945e92eebf200c13cd34a3c09d498a4538ffb95e77b
scripts/run_pipeline.py	227	f5a078a24cb9107d0252a2d3746bfdff65db657e6153a746eca5fe7ad6723a43
scripts/smoke_api.py	1003	4bfcb1da0250b5fa51893f86e0a4886ed7ae0c3652bdeccd7f34c02bb1d85891
src/churn_mlops/__init__.py	0	e3b0c44298fc1c149afbf4c8996fb92427ae41e4649b934ca495991b7852b855
src/churn_mlops/custom_metrics.py	844	5621d5e1ba53691fb8f125822f36aff7457fa004b517bbd6b29e3e8cb2da8487
src/churn_mlops/data.py	1682	67f0b6b8ed2b998ef9744ace9d8981fb3df393212c25356e998bb534e2305ce8
src/churn_mlops/drift.py	4714	ae3f03a6e5ddf755a2e8d6dfff3882de6dd87e6a33493bb3358e050965cabe7f
src/churn_mlops/registry.py	4805	5cb033a406323904d91c287705cd9c0babf27df30670e694ec787f03988e49d2
src/churn_mlops/serve.py	2531	e6bc58fd9a0beccc02665cf73c5b3b5f72e6e5a770bd88b0ccccfff81bf5081c
src/churn_mlops/train.py	4554	d7e7a56c8115d9349ee3dd47a16078a224fa56a23eee0e3f66650b5af3e574fc
tests/test_pipeline.py	2590	852231a198b2771a41570ec44747f0f8c93051e9ffd8fff70af5e9e2e3b4255f
uv.lock	221338	33280003b01034b9ed5a3f69c818a1ec51a86470ad8cf39a806afd6e02503533
